epoch,train_loss,val_loss,val_accuracy,val_f1,val_precision,val_recall
1.0,0.1378,0.10485684871673584,0.9709532611565883,0.9723895582329317,0.9772956609485368,0.9675324675324676
2.0,0.064,0.10618823021650314,0.9751782413519937,0.9765,0.9774774774774775,0.9755244755244755
3.0,0.0319,0.12174558639526367,0.9749141800897808,0.9763151333831962,0.9746142359382778,0.978021978021978
