Model,Accuracy,Precision,Recall,F1
Logistic Regression,0.9252706627937681,0.9299649824912456,0.9285714285714286,0.9292676830792302
LSTM,0.9434908898864537,0.9373776908023483,0.957042957042957,0.9471082550667326
SVM,0.9387377871666227,0.9474216380182002,0.936063936063936,0.9417085427135679
BERT,0.9743860575653551,0.9694430754066042,0.9825174825174825,0.9759364921855619
